Workbook

Sheet Number Density
A1: Tie-lines — Number density (source data from MD, nm⁻³)
A2: Identifiers | H2: DES-rich phase (nm⁻³) | M2: Water-rich phase (nm⁻³)
A3: # | B3: System | C3: TAG | D3: PHE | E3: HBA | F3: HBD | G3: Status | H3: n(HBA) | I3: n(HBD) | J3: n(water) | K3: n(PHE) | L3: n(total) | M3: n(HBA) | N3: n(HBD) | O3: n(water) | P3: n(PHE) | Q3: n(total) | S3: HBA/HBD in DES
A4: 1 | B4: camphor:carvone [30C] - PHE 20 | C4: CAM:CVN-30C - PHE 20 | D4: 20 | E4: camphor | F4: carvone | G4: OK | H4: 6.6172211 | I4: 10.761306 | J4: 0.041799067 | K4: 0.38461172 | L4: =SUM(H4:K4) | M4: 0.036407973 | N4: 0.00058281216 | O4: 8.2308087 | P4: 0.021405093 | Q4: =SUM(M4:P4) | S4: =H4/I4
A5: 2 | B5: camphor:carvacrol [30C] - PHE 20 | C5: CAM:CVC-30C - PHE 20 | D5: 20 | E5: camphor | F5: carvacrol | G5: OK | H5: 6.5257194 | I5: 9.1545589 | J5: 0.11583889 | K5: 0.46800944 | L5: =SUM(H5:K5) | M5: 0.033574592 | N5: 0.0048087999 | O5: 8.2327463 | P5: 0.014448365 | Q5: =SUM(M5:P5) | S5: =H5/I5
A6: 3 | B6: camphor:eugenol [30C] - PHE 20 | C6: CAM:EUG-30C - PHE 20 | D6: 20 | E6: camphor | F6: eugenol | G6: OK | H6: 6.8243753 | I6: 11.329405 | J6: 0.12616105 | K6: 0.261095 | L6: =SUM(H6:K6) | M6: 0 | N6: 0 | O6: 8.9936109 | P6: 0.1657369 | Q6: =SUM(M6:P6) | S6: =H6/I6
A7: 4 | B7: thymol:camphor [30C] - PHE 20 | C7: THY:CAM-30C - PHE 20 | D7: 20 | E7: thymol | F7: camphor | G7: OK | H7: 9.1553939 | I7: 6.5537383 | J7: 0.11949794 | K7: 0.48500217 | L7: =SUM(H7:K7) | M7: 0.012163476 | N7: 0.03818651 | O7: 8.2274555 | P7: 0.015099234 | Q7: =SUM(M7:P7) | S7: =H7/I7
A8: 5 | B8: thymol:carvone [30C] - PHE 20 | C8: THY:CVN-30C - PHE 20 | D8: 20 | E8: thymol | F8: carvone | G8: OK | H8: 7.7452394 | I8: 9.1763088 | J8: 0.040045271 | K8: 0.38726512 | L8: =SUM(H8:K8) | M8: 0.0095661269 | N8: 0.0010719244 | O8: 8.2556804 | P8: 0.010606797 | Q8: =SUM(M8:P8) | S8: =H8/I8
A9: 6 | B9: thymol:carvacrol [30C] - PHE 20 | C9: THY:CVC-30C - PHE 20 | D9: 20 | E9: thymol | F9: carvacrol | G9: Bad initial configuration
A10: 7 | B10: thymol:eugenol [30C] - PHE 20 | C10: THY:EUG-30C - PHE 20 | D10: 20 | E10: thymol | F10: eugenol | G10: More simulation time | H10: 7.9308339 | I10: 9.5550978 | J10: 0.088539467 | K10: 0.28416661 | L10: =SUM(H10:K10) | M10: 0 | N10: 0 | O10: 9.185577 | P10: 0.11870086 | Q10: =SUM(M10:P10) | S10: =H10/I10
A11: 8 | B11: thymol:geraniol [30C] - PHE 20 | C11: THY:GER-30C - PHE 20 | D11: 20 | E11: thymol | F11: geraniol | G11: Simulation failed
A12: 9 | B12: camphor:carvone [30C] - PHE 40 | C12: CAM:CVN-30C - PHE 40 | D12: 40 | E12: camphor | F12: carvone | G12: OK | H12: 6.552365 | I12: 10.490972 | J12: 0.042144706 | K12: 0.78606944 | L12: =SUM(H12:K12) | M12: 0.034874077 | N12: 0.00042788862 | O12: 8.2272333 | P12: 0.039332703 | Q12: =SUM(M12:P12) | S12: =H12/I12
A13: 10 | B13: camphor:carvacrol [30C] - PHE 40 | C13: CAM:CVC-30C - PHE 40 | D13: 40 | E13: camphor | F13: carvacrol | G13: Simulation failed
A14: 11 | B14: camphor:eugenol [30C] - PHE 40 | C14: CAM:EUG-30C - PHE 40 | D14: 40 | E14: camphor | F14: eugenol | G14: OK | H14: 6.4799644 | I14: 10.933661 | J14: 0.1553075 | K14: 0.99987689 | L14: =SUM(H14:K14) | M14: 0.041243175 | N14: 0.017366645 | O14: 8.2332913 | P14: 0.020072175 | Q14: =SUM(M14:P14) | S14: =H14/I14
A15: 12 | B15: thymol:camphor [30C] - PHE 40 | C15: THY:CAM-30C - PHE 40 | D15: 40 | E15: thymol | F15: camphor | G15: OK | H15: 8.9266267 | I15: 6.4204667 | J15: 0.12355322 | K15: 0.952711 | L15: =SUM(H15:K15) | M15: 0.010155376 | N15: 0.033891237 | O15: 8.2282939 | P15: 0.021091425 | Q15: =SUM(M15:P15) | S15: =H15/I15
A16: 13 | B16: thymol:carvone [30C] - PHE 40 | C16: THY:CVN-30C - PHE 40 | D16: 40 | E16: thymol | F16: carvone | G16: OK | H16: 7.6511876 | I16: 8.9535159 | J16: 0.042696182 | K16: 0.76650194 | L16: =SUM(H16:K16) | M16: 0.009449301 | N16: 0.0001213346 | O16: 8.2518133 | P16: 0.026321551 | Q16: =SUM(M16:P16) | S16: =H16/I16
A17: 14 | B17: thymol:carvacrol [30C] - PHE 40 | C17: THY:CVC-30C - PHE 40 | D17: 40 | E17: thymol | F17: carvacrol | G17: Bad initial configuration
A18: 15 | B18: thymol:eugenol [30C] - PHE 40 | C18: THY:EUG-30C - PHE 40 | D18: 40 | E18: thymol | F18: eugenol | G18: Simulation failed
A19: 16 | B19: thymol:geraniol [30C] - PHE 40 | C19: THY:GER-30C - PHE 40 | D19: 40 | E19: thymol | F19: geraniol | G19: Simulation failed
A20: 17 | B20: camphor:carvone [30C] - PHE 80 | C20: CAM:CVN-30C - PHE 80 | D20: 80 | E20: camphor | F20: carvone | G20: OK | H20: 6.39362 | I20: 10.012236 | J20: 0.049298189 | K20: 1.5392789 | L20: =SUM(H20:K20) | M20: 0.030986577 | N20: 0.0022139518 | O20: 8.2178207 | P20: 0.073536223 | Q20: =SUM(M20:P20) | S20: =H20/I20
A21: 18 | B21: camphor:carvacrol [30C] - PHE 80 | C21: CAM:CVC-30C - PHE 80 | D21: 80 | E21: camphor | F21: carvacrol | G21: Simulation failed
A22: 19 | B22: camphor:eugenol [30C] - PHE 80 | C22: CAM:EUG-30C - PHE 80 | D22: 80 | E22: camphor | F22: eugenol | G22: OK | H22: 6.1916041 | I22: 10.375782 | J22: 0.16448 | K22: 1.9430118 | L22: =SUM(H22:K22) | M22: 0.037529872 | N22: 0.009452206 | O22: 8.230514 | P22: 0.049972297 | Q22: =SUM(M22:P22) | S22: =H22/I22
A23: 20 | B23: thymol:camphor [30C] - PHE 80 | C23: THY:CAM-30C - PHE 80 | D23: 80 | E23: thymol | F23: camphor | G23: OK | H23: 8.4970288 | I23: 6.1284706 | J23: 0.13644129 | K23: 1.8798371 | L23: =SUM(H23:K23) | M23: 0.0061027778 | N23: 0.039349785 | O23: 8.2231414 | P23: 0.041781179 | Q23: =SUM(M23:P23) | S23: =H23/I23
A24: 21 | B24: thymol:carvone [30C] - PHE 80 | C24: THY:CVN-30C - PHE 80 | D24: 80 | E24: thymol | F24: carvone | G24: Simulation failed
A25: 22 | B25: thymol:carvacrol [30C] - PHE 80 | C25: THY:CVC-30C - PHE 80 | D25: 80 | E25: thymol | F25: carvacrol | G25: More simulation time | H25: 7.4200606 | I25: 7.4923656 | J25: 0.075806189 | K25: 1.2415217 | L25: =SUM(H25:K25) | M25: 2.2038529e-06 | N25: 2.9419857e-06 | O25: 9.2944219 | P25: 0.33838139 | Q25: =SUM(M25:P25) | S25: =H25/I25
A26: 23 | B26: thymol:eugenol [30C] - PHE 80 | C26: THY:EUG-30C - PHE 80 | D26: 80 | E26: thymol | F26: eugenol | G26: Simulation failed
A27: 24 | B27: thymol:geraniol [30C] - PHE 80 | C27: THY:GER-30C - PHE 80 | D27: 80 | E27: thymol | F27: geraniol | G27: OK | H27: 7.0809419 | I27: 6.78805 | J27: 0.11692613 | K27: 1.5348225 | L27: =SUM(H27:K27) | M27: 0.0066378685 | N27: 0.0036989217 | O27: 8.2442376 | P27: 0.059286779 | Q27: =SUM(M27:P27) | S27: =H27/I27

Sheet Mole Fractions
A1: Tie-lines — Mole fractions (xᵢ = nᵢ / Σn per phase)
A2: Identifiers | H2: DES-rich phase — mole fraction | L2: Water-rich phase — mole fraction
A3: # | B3: System | C3: TAG | D3: PHE | E3: HBA | F3: HBD | G3: Status | H3: x(HBA) | I3: x(HBD) | J3: x(water) | K3: x(PHE) | L3: x(HBA) | M3: x(HBD) | N3: x(water) | O3: x(PHE)
A4: 1 | B4: camphor:carvone [30C] - PHE 20 | C4: CAM:CVN-30C - PHE 20 | D4: 20 | E4: camphor | F4: carvone | G4: OK | H4: =IF('Number Density'!$L4=0,"",'Number Density'!H4/'Number Density'!$L4) | I4: =IF('Number Density'!$L4=0,"",'Number Density'!I4/'Number Density'!$L4) | J4: =IF('Number Density'!$L4=0,"",'Number Density'!J4/'Number Density'!$L4) | K4: =IF('Number Density'!$L4=0,"",'Number Density'!K4/'Number Density'!$L4) | L4: =IF('Number Density'!$Q4=0,"",'Number Density'!M4/'Number Density'!$Q4) | M4: =IF('Number Density'!$Q4=0,"",'Number Density'!N4/'Number Density'!$Q4) | N4: =IF('Number Density'!$Q4=0,"",'Number Density'!O4/'Number Density'!$Q4) | O4: =IF('Number Density'!$Q4=0,"",'Number Density'!P4/'Number Density'!$Q4)
A5: 2 | B5: camphor:carvacrol [30C] - PHE 20 | C5: CAM:CVC-30C - PHE 20 | D5: 20 | E5: camphor | F5: carvacrol | G5: OK | H5: =IF('Number Density'!$L5=0,"",'Number Density'!H5/'Number Density'!$L5) | I5: =IF('Number Density'!$L5=0,"",'Number Density'!I5/'Number Density'!$L5) | J5: =IF('Number Density'!$L5=0,"",'Number Density'!J5/'Number Density'!$L5) | K5: =IF('Number Density'!$L5=0,"",'Number Density'!K5/'Number Density'!$L5) | L5: =IF('Number Density'!$Q5=0,"",'Number Density'!M5/'Number Density'!$Q5) | M5: =IF('Number Density'!$Q5=0,"",'Number Density'!N5/'Number Density'!$Q5) | N5: =IF('Number Density'!$Q5=0,"",'Number Density'!O5/'Number Density'!$Q5) | O5: =IF('Number Density'!$Q5=0,"",'Number Density'!P5/'Number Density'!$Q5)
A6: 3 | B6: camphor:eugenol [30C] - PHE 20 | C6: CAM:EUG-30C - PHE 20 | D6: 20 | E6: camphor | F6: eugenol | G6: OK | H6: =IF('Number Density'!$L6=0,"",'Number Density'!H6/'Number Density'!$L6) | I6: =IF('Number Density'!$L6=0,"",'Number Density'!I6/'Number Density'!$L6) | J6: =IF('Number Density'!$L6=0,"",'Number Density'!J6/'Number Density'!$L6) | K6: =IF('Number Density'!$L6=0,"",'Number Density'!K6/'Number Density'!$L6) | L6: =IF('Number Density'!$Q6=0,"",'Number Density'!M6/'Number Density'!$Q6) | M6: =IF('Number Density'!$Q6=0,"",'Number Density'!N6/'Number Density'!$Q6) | N6: =IF('Number Density'!$Q6=0,"",'Number Density'!O6/'Number Density'!$Q6) | O6: =IF('Number Density'!$Q6=0,"",'Number Density'!P6/'Number Density'!$Q6)
A7: 4 | B7: thymol:camphor [30C] - PHE 20 | C7: THY:CAM-30C - PHE 20 | D7: 20 | E7: thymol | F7: camphor | G7: OK | H7: =IF('Number Density'!$L7=0,"",'Number Density'!H7/'Number Density'!$L7) | I7: =IF('Number Density'!$L7=0,"",'Number Density'!I7/'Number Density'!$L7) | J7: =IF('Number Density'!$L7=0,"",'Number Density'!J7/'Number Density'!$L7) | K7: =IF('Number Density'!$L7=0,"",'Number Density'!K7/'Number Density'!$L7) | L7: =IF('Number Density'!$Q7=0,"",'Number Density'!M7/'Number Density'!$Q7) | M7: =IF('Number Density'!$Q7=0,"",'Number Density'!N7/'Number Density'!$Q7) | N7: =IF('Number Density'!$Q7=0,"",'Number Density'!O7/'Number Density'!$Q7) | O7: =IF('Number Density'!$Q7=0,"",'Number Density'!P7/'Number Density'!$Q7)
A8: 5 | B8: thymol:carvone [30C] - PHE 20 | C8: THY:CVN-30C - PHE 20 | D8: 20 | E8: thymol | F8: carvone | G8: OK | H8: =IF('Number Density'!$L8=0,"",'Number Density'!H8/'Number Density'!$L8) | I8: =IF('Number Density'!$L8=0,"",'Number Density'!I8/'Number Density'!$L8) | J8: =IF('Number Density'!$L8=0,"",'Number Density'!J8/'Number Density'!$L8) | K8: =IF('Number Density'!$L8=0,"",'Number Density'!K8/'Number Density'!$L8) | L8: =IF('Number Density'!$Q8=0,"",'Number Density'!M8/'Number Density'!$Q8) | M8: =IF('Number Density'!$Q8=0,"",'Number Density'!N8/'Number Density'!$Q8) | N8: =IF('Number Density'!$Q8=0,"",'Number Density'!O8/'Number Density'!$Q8) | O8: =IF('Number Density'!$Q8=0,"",'Number Density'!P8/'Number Density'!$Q8)
A9: 6 | B9: thymol:carvacrol [30C] - PHE 20 | C9: THY:CVC-30C - PHE 20 | D9: 20 | E9: thymol | F9: carvacrol | G9: Bad initial configuration | H9: =IF('Number Density'!$L9=0,"",'Number Density'!H9/'Number Density'!$L9) | I9: =IF('Number Density'!$L9=0,"",'Number Density'!I9/'Number Density'!$L9) | J9: =IF('Number Density'!$L9=0,"",'Number Density'!J9/'Number Density'!$L9) | K9: =IF('Number Density'!$L9=0,"",'Number Density'!K9/'Number Density'!$L9) | L9: =IF('Number Density'!$Q9=0,"",'Number Density'!M9/'Number Density'!$Q9) | M9: =IF('Number Density'!$Q9=0,"",'Number Density'!N9/'Number Density'!$Q9) | N9: =IF('Number Density'!$Q9=0,"",'Number Density'!O9/'Number Density'!$Q9) | O9: =IF('Number Density'!$Q9=0,"",'Number Density'!P9/'Number Density'!$Q9)
A10: 7 | B10: thymol:eugenol [30C] - PHE 20 | C10: THY:EUG-30C - PHE 20 | D10: 20 | E10: thymol | F10: eugenol | G10: More simulation time | H10: =IF('Number Density'!$L10=0,"",'Number Density'!H10/'Number Density'!$L10) | I10: =IF('Number Density'!$L10=0,"",'Number Density'!I10/'Number Density'!$L10) | J10: =IF('Number Density'!$L10=0,"",'Number Density'!J10/'Number Density'!$L10) | K10: =IF('Number Density'!$L10=0,"",'Number Density'!K10/'Number Density'!$L10) | L10: =IF('Number Density'!$Q10=0,"",'Number Density'!M10/'Number Density'!$Q10) | M10: =IF('Number Density'!$Q10=0,"",'Number Density'!N10/'Number Density'!$Q10) | N10: =IF('Number Density'!$Q10=0,"",'Number Density'!O10/'Number Density'!$Q10) | O10: =IF('Number Density'!$Q10=0,"",'Number Density'!P10/'Number Density'!$Q10)
A11: 8 | B11: thymol:geraniol [30C] - PHE 20 | C11: THY:GER-30C - PHE 20 | D11: 20 | E11: thymol | F11: geraniol | G11: Simulation failed | H11: =IF('Number Density'!$L11=0,"",'Number Density'!H11/'Number Density'!$L11) | I11: =IF('Number Density'!$L11=0,"",'Number Density'!I11/'Number Density'!$L11) | J11: =IF('Number Density'!$L11=0,"",'Number Density'!J11/'Number Density'!$L11) | K11: =IF('Number Density'!$L11=0,"",'Number Density'!K11/'Number Density'!$L11) | L11: =IF('Number Density'!$Q11=0,"",'Number Density'!M11/'Number Density'!$Q11) | M11: =IF('Number Density'!$Q11=0,"",'Number Density'!N11/'Number Density'!$Q11) | N11: =IF('Number Density'!$Q11=0,"",'Number Density'!O11/'Number Density'!$Q11) | O11: =IF('Number Density'!$Q11=0,"",'Number Density'!P11/'Number Density'!$Q11)
A12: 9 | B12: camphor:carvone [30C] - PHE 40 | C12: CAM:CVN-30C - PHE 40 | D12: 40 | E12: camphor | F12: carvone | G12: OK | H12: =IF('Number Density'!$L12=0,"",'Number Density'!H12/'Number Density'!$L12) | I12: =IF('Number Density'!$L12=0,"",'Number Density'!I12/'Number Density'!$L12) | J12: =IF('Number Density'!$L12=0,"",'Number Density'!J12/'Number Density'!$L12) | K12: =IF('Number Density'!$L12=0,"",'Number Density'!K12/'Number Density'!$L12) | L12: =IF('Number Density'!$Q12=0,"",'Number Density'!M12/'Number Density'!$Q12) | M12: =IF('Number Density'!$Q12=0,"",'Number Density'!N12/'Number Density'!$Q12) | N12: =IF('Number Density'!$Q12=0,"",'Number Density'!O12/'Number Density'!$Q12) | O12: =IF('Number Density'!$Q12=0,"",'Number Density'!P12/'Number Density'!$Q12)
A13: 10 | B13: camphor:carvacrol [30C] - PHE 40 | C13: CAM:CVC-30C - PHE 40 | D13: 40 | E13: camphor | F13: carvacrol | G13: Simulation failed | H13: =IF('Number Density'!$L13=0,"",'Number Density'!H13/'Number Density'!$L13) | I13: =IF('Number Density'!$L13=0,"",'Number Density'!I13/'Number Density'!$L13) | J13: =IF('Number Density'!$L13=0,"",'Number Density'!J13/'Number Density'!$L13) | K13: =IF('Number Density'!$L13=0,"",'Number Density'!K13/'Number Density'!$L13) | L13: =IF('Number Density'!$Q13=0,"",'Number Density'!M13/'Number Density'!$Q13) | M13: =IF('Number Density'!$Q13=0,"",'Number Density'!N13/'Number Density'!$Q13) | N13: =IF('Number Density'!$Q13=0,"",'Number Density'!O13/'Number Density'!$Q13) | O13: =IF('Number Density'!$Q13=0,"",'Number Density'!P13/'Number Density'!$Q13)
A14: 11 | B14: camphor:eugenol [30C] - PHE 40 | C14: CAM:EUG-30C - PHE 40 | D14: 40 | E14: camphor | F14: eugenol | G14: OK | H14: =IF('Number Density'!$L14=0,"",'Number Density'!H14/'Number Density'!$L14) | I14: =IF('Number Density'!$L14=0,"",'Number Density'!I14/'Number Density'!$L14) | J14: =IF('Number Density'!$L14=0,"",'Number Density'!J14/'Number Density'!$L14) | K14: =IF('Number Density'!$L14=0,"",'Number Density'!K14/'Number Density'!$L14) | L14: =IF('Number Density'!$Q14=0,"",'Number Density'!M14/'Number Density'!$Q14) | M14: =IF('Number Density'!$Q14=0,"",'Number Density'!N14/'Number Density'!$Q14) | N14: =IF('Number Density'!$Q14=0,"",'Number Density'!O14/'Number Density'!$Q14) | O14: =IF('Number Density'!$Q14=0,"",'Number Density'!P14/'Number Density'!$Q14)
A15: 12 | B15: thymol:camphor [30C] - PHE 40 | C15: THY:CAM-30C - PHE 40 | D15: 40 | E15: thymol | F15: camphor | G15: OK | H15: =IF('Number Density'!$L15=0,"",'Number Density'!H15/'Number Density'!$L15) | I15: =IF('Number Density'!$L15=0,"",'Number Density'!I15/'Number Density'!$L15) | J15: =IF('Number Density'!$L15=0,"",'Number Density'!J15/'Number Density'!$L15) | K15: =IF('Number Density'!$L15=0,"",'Number Density'!K15/'Number Density'!$L15) | L15: =IF('Number Density'!$Q15=0,"",'Number Density'!M15/'Number Density'!$Q15) | M15: =IF('Number Density'!$Q15=0,"",'Number Density'!N15/'Number Density'!$Q15) | N15: =IF('Number Density'!$Q15=0,"",'Number Density'!O15/'Number Density'!$Q15) | O15: =IF('Number Density'!$Q15=0,"",'Number Density'!P15/'Number Density'!$Q15)
... A27: 24 | B27: thymol:geraniol [30C] - PHE 80 | C27: THY:GER-30C - PHE 80 | D27: 80 | E27: thymol | F27: geraniol | G27: OK | H27: =IF('Number Density'!$L27=0,"",'Number Density'!H27/'Number Density'!$L27) | I27: =IF('Number Density'!$L27=0,"",'Number Density'!I27/'Number Density'!$L27) | J27: =IF('Number Density'!$L27=0,"",'Number Density'!J27/'Number Density'!$L27) | K27: =IF('Number Density'!$L27=0,"",'Number Density'!K27/'Number Density'!$L27) | L27: =IF('Number Density'!$Q27=0,"",'Number Density'!M27/'Number Density'!$Q27) | M27: =IF('Number Density'!$Q27=0,"",'Number Density'!N27/'Number Density'!$Q27) | N27: =IF('Number Density'!$Q27=0,"",'Number Density'!O27/'Number Density'!$Q27) | O27: =IF('Number Density'!$Q27=0,"",'Number Density'!P27/'Number Density'!$Q27)

Sheet Mass Fractions
A1: Tie-lines — Mass fractions (wᵢ = nᵢMᵢ / ΣnⱼMⱼ per phase)
A2: Identifiers (M in g/mol) | J2: DES-rich phase — mass fraction | N2: Water-rich phase — mass fraction
A3: # | B3: System | C3: TAG | D3: PHE | E3: HBA | F3: HBD | G3: Status | H3: M(HBA) | I3: M(HBD) | J3: w(HBA) | K3: w(HBD) | L3: w(water) | M3: w(PHE) | N3: w(HBA) | O3: w(HBD) | P3: w(water) | Q3: w(PHE)
A4: 1 | B4: camphor:carvone [30C] - PHE 20 | C4: CAM:CVN-30C - PHE 20 | D4: 20 | E4: camphor | F4: carvone | G4: OK | H4: =INDEX(Parameters!$B$6:$B$13,MATCH(E4,Parameters!$A$6:$A$13,0)) | I4: =INDEX(Parameters!$B$6:$B$13,MATCH(F4,Parameters!$A$6:$A$13,0)) | J4: =IF('Number Density'!$L4=0,"",'Number Density'!H4*$H4/('Number Density'!H4*$H4+'Number Density'!I4*$I4+'Number Density'!J4*Parameters!$B$12+'Number Density'!K4*Parameters!$B$13)) | K4: =IF('Number Density'!$L4=0,"",'Number Density'!I4*$I4/('Number Density'!H4*$H4+'Number Density'!I4*$I4+'Number Density'!J4*Parameters!$B$12+'Number Density'!K4*Parameters!$B$13)) | L4: =IF('Number Density'!$L4=0,"",'Number Density'!J4*Parameters!$B$12/('Number Density'!H4*$H4+'Number Density'!I4*$I4+'Number Density'!J4*Parameters!$B$12+'Number Density'!K4*Parameters!$B$13)) | M4: =IF('Number Density'!$L4=0,"",'Number Density'!K4*Parameters!$B$13/('Number Density'!H4*$H4+'Number Density'!I4*$I4+'Number Density'!J4*Parameters!$B$12+'Number Density'!K4*Parameters!$B$13)) | N4: =IF('Number Density'!$Q4=0,"",'Number Density'!M4*$H4/('Number Density'!M4*$H4+'Number Density'!N4*$I4+'Number Density'!O4*Parameters!$B$12+'Number Density'!P4*Parameters!$B$13)) | O4: =IF('Number Density'!$Q4=0,"",'Number Density'!N4*$I4/('Number Density'!M4*$H4+'Number Density'!N4*$I4+'Number Density'!O4*Parameters!$B$12+'Number Density'!P4*Parameters!$B$13)) | P4: =IF('Number Density'!$Q4=0,"",'Number Density'!O4*Parameters!$B$12/('Number Density'!M4*$H4+'Number Density'!N4*$I4+'Number Density'!O4*Parameters!$B$12+'Number Density'!P4*Parameters!$B$13)) | Q4: =IF('Number Density'!$Q4=0,"",'Number Density'!P4*Parameters!$B$13/('Number Density'!M4*$H4+'Number Density'!N4*$I4+'Number Density'!O4*Parameters!$B$12+'Number Density'!P4*Parameters!$B$13))
A5: 2 | B5: camphor:carvacrol [30C] - PHE 20 | C5: CAM:CVC-30C - PHE 20 | D5: 20 | E5: camphor | F5: carvacrol | G5: OK | H5: =INDEX(Parameters!$B$6:$B$13,MATCH(E5,Parameters!$A$6:$A$13,0)) | I5: =INDEX(Parameters!$B$6:$B$13,MATCH(F5,Parameters!$A$6:$A$13,0)) | J5: =IF('Number Density'!$L5=0,"",'Number Density'!H5*$H5/('Number Density'!H5*$H5+'Number Density'!I5*$I5+'Number Density'!J5*Parameters!$B$12+'Number Density'!K5*Parameters!$B$13)) | K5: =IF('Number Density'!$L5=0,"",'Number Density'!I5*$I5/('Number Density'!H5*$H5+'Number Density'!I5*$I5+'Number Density'!J5*Parameters!$B$12+'Number Density'!K5*Parameters!$B$13)) | L5: =IF('Number Density'!$L5=0,"",'Number Density'!J5*Parameters!$B$12/('Number Density'!H5*$H5+'Number Density'!I5*$I5+'Number Density'!J5*Parameters!$B$12+'Number Density'!K5*Parameters!$B$13)) | M5: =IF('Number Density'!$L5=0,"",'Number Density'!K5*Parameters!$B$13/('Number Density'!H5*$H5+'Number Density'!I5*$I5+'Number Density'!J5*Parameters!$B$12+'Number Density'!K5*Parameters!$B$13)) | N5: =IF('Number Density'!$Q5=0,"",'Number Density'!M5*$H5/('Number Density'!M5*$H5+'Number Density'!N5*$I5+'Number Density'!O5*Parameters!$B$12+'Number Density'!P5*Parameters!$B$13)) | O5: =IF('Number Density'!$Q5=0,"",'Number Density'!N5*$I5/('Number Density'!M5*$H5+'Number Density'!N5*$I5+'Number Density'!O5*Parameters!$B$12+'Number Density'!P5*Parameters!$B$13)) | P5: =IF('Number Density'!$Q5=0,"",'Number Density'!O5*Parameters!$B$12/('Number Density'!M5*$H5+'Number Density'!N5*$I5+'Number Density'!O5*Parameters!$B$12+'Number Density'!P5*Parameters!$B$13)) | Q5: =IF('Number Density'!$Q5=0,"",'Number Density'!P5*Parameters!$B$13/('Number Density'!M5*$H5+'Number Density'!N5*$I5+'Number Density'!O5*Parameters!$B$12+'Number Density'!P5*Parameters!$B$13))
A6: 3 | B6: camphor:eugenol [30C] - PHE 20 | C6: CAM:EUG-30C - PHE 20 | D6: 20 | E6: camphor | F6: eugenol | G6: OK | H6: =INDEX(Parameters!$B$6:$B$13,MATCH(E6,Parameters!$A$6:$A$13,0)) | I6: =INDEX(Parameters!$B$6:$B$13,MATCH(F6,Parameters!$A$6:$A$13,0)) | J6: =IF('Number Density'!$L6=0,"",'Number Density'!H6*$H6/('Number Density'!H6*$H6+'Number Density'!I6*$I6+'Number Density'!J6*Parameters!$B$12+'Number Density'!K6*Parameters!$B$13)) | K6: =IF('Number Density'!$L6=0,"",'Number Density'!I6*$I6/('Number Density'!H6*$H6+'Number Density'!I6*$I6+'Number Density'!J6*Parameters!$B$12+'Number Density'!K6*Parameters!$B$13)) | L6: =IF('Number Density'!$L6=0,"",'Number Density'!J6*Parameters!$B$12/('Number Density'!H6*$H6+'Number Density'!I6*$I6+'Number Density'!J6*Parameters!$B$12+'Number Density'!K6*Parameters!$B$13)) | M6: =IF('Number Density'!$L6=0,"",'Number Density'!K6*Parameters!$B$13/('Number Density'!H6*$H6+'Number Density'!I6*$I6+'Number Density'!J6*Parameters!$B$12+'Number Density'!K6*Parameters!$B$13)) | N6: =IF('Number Density'!$Q6=0,"",'Number Density'!M6*$H6/('Number Density'!M6*$H6+'Number Density'!N6*$I6+'Number Density'!O6*Parameters!$B$12+'Number Density'!P6*Parameters!$B$13)) | O6: =IF('Number Density'!$Q6=0,"",'Number Density'!N6*$I6/('Number Density'!M6*$H6+'Number Density'!N6*$I6+'Number Density'!O6*Parameters!$B$12+'Number Density'!P6*Parameters!$B$13)) | P6: =IF('Number Density'!$Q6=0,"",'Number Density'!O6*Parameters!$B$12/('Number Density'!M6*$H6+'Number Density'!N6*$I6+'Number Density'!O6*Parameters!$B$12+'Number Density'!P6*Parameters!$B$13)) | Q6: =IF('Number Density'!$Q6=0,"",'Number Density'!P6*Parameters!$B$13/('Number Density'!M6*$H6+'Number Density'!N6*$I6+'Number Density'!O6*Parameters!$B$12+'Number Density'!P6*Parameters!$B$13))
A7: 4 | B7: thymol:camphor [30C] - PHE 20 | C7: THY:CAM-30C - PHE 20 | D7: 20 | E7: thymol | F7: camphor | G7: OK | H7: =INDEX(Parameters!$B$6:$B$13,MATCH(E7,Parameters!$A$6:$A$13,0)) | I7: =INDEX(Parameters!$B$6:$B$13,MATCH(F7,Parameters!$A$6:$A$13,0)) | J7: =IF('Number Density'!$L7=0,"",'Number Density'!H7*$H7/('Number Density'!H7*$H7+'Number Density'!I7*$I7+'Number Density'!J7*Parameters!$B$12+'Number Density'!K7*Parameters!$B$13)) | K7: =IF('Number Density'!$L7=0,"",'Number Density'!I7*$I7/('Number Density'!H7*$H7+'Number Density'!I7*$I7+'Number Density'!J7*Parameters!$B$12+'Number Density'!K7*Parameters!$B$13)) | L7: =IF('Number Density'!$L7=0,"",'Number Density'!J7*Parameters!$B$12/('Number Density'!H7*$H7+'Number Density'!I7*$I7+'Number Density'!J7*Parameters!$B$12+'Number Density'!K7*Parameters!$B$13)) | M7: =IF('Number Density'!$L7=0,"",'Number Density'!K7*Parameters!$B$13/('Number Density'!H7*$H7+'Number Density'!I7*$I7+'Number Density'!J7*Parameters!$B$12+'Number Density'!K7*Parameters!$B$13)) | N7: =IF('Number Density'!$Q7=0,"",'Number Density'!M7*$H7/('Number Density'!M7*$H7+'Number Density'!N7*$I7+'Number Density'!O7*Parameters!$B$12+'Number Density'!P7*Parameters!$B$13)) | O7: =IF('Number Density'!$Q7=0,"",'Number Density'!N7*$I7/('Number Density'!M7*$H7+'Number Density'!N7*$I7+'Number Density'!O7*Parameters!$B$12+'Number Density'!P7*Parameters!$B$13)) | P7: =IF('Number Density'!$Q7=0,"",'Number Density'!O7*Parameters!$B$12/('Number Density'!M7*$H7+'Number Density'!N7*$I7+'Number Density'!O7*Parameters!$B$12+'Number Density'!P7*Parameters!$B$13)) | Q7: =IF('Number Density'!$Q7=0,"",'Number Density'!P7*Parameters!$B$13/('Number Density'!M7*$H7+'Number Density'!N7*$I7+'Number Density'!O7*Parameters!$B$12+'Number Density'!P7*Parameters!$B$13))
A8: 5 | B8: thymol:carvone [30C] - PHE 20 | C8: THY:CVN-30C - PHE 20 | D8: 20 | E8: thymol | F8: carvone | G8: OK | H8: =INDEX(Parameters!$B$6:$B$13,MATCH(E8,Parameters!$A$6:$A$13,0)) | I8: =INDEX(Parameters!$B$6:$B$13,MATCH(F8,Parameters!$A$6:$A$13,0)) | J8: =IF('Number Density'!$L8=0,"",'Number Density'!H8*$H8/('Number Density'!H8*$H8+'Number Density'!I8*$I8+'Number Density'!J8*Parameters!$B$12+'Number Density'!K8*Parameters!$B$13)) | K8: =IF('Number Density'!$L8=0,"",'Number Density'!I8*$I8/('Number Density'!H8*$H8+'Number Density'!I8*$I8+'Number Density'!J8*Parameters!$B$12+'Number Density'!K8*Parameters!$B$13)) | L8: =IF('Number Density'!$L8=0,"",'Number Density'!J8*Parameters!$B$12/('Number Density'!H8*$H8+'Number Density'!I8*$I8+'Number Density'!J8*Parameters!$B$12+'Number Density'!K8*Parameters!$B$13)) | M8: =IF('Number Density'!$L8=0,"",'Number Density'!K8*Parameters!$B$13/('Number Density'!H8*$H8+'Number Density'!I8*$I8+'Number Density'!J8*Parameters!$B$12+'Number Density'!K8*Parameters!$B$13)) | N8: =IF('Number Density'!$Q8=0,"",'Number Density'!M8*$H8/('Number Density'!M8*$H8+'Number Density'!N8*$I8+'Number Density'!O8*Parameters!$B$12+'Number Density'!P8*Parameters!$B$13)) | O8: =IF('Number Density'!$Q8=0,"",'Number Density'!N8*$I8/('Number Density'!M8*$H8+'Number Density'!N8*$I8+'Number Density'!O8*Parameters!$B$12+'Number Density'!P8*Parameters!$B$13)) | P8: =IF('Number Density'!$Q8=0,"",'Number Density'!O8*Parameters!$B$12/('Number Density'!M8*$H8+'Number Density'!N8*$I8+'Number Density'!O8*Parameters!$B$12+'Number Density'!P8*Parameters!$B$13)) | Q8: =IF('Number Density'!$Q8=0,"",'Number Density'!P8*Parameters!$B$13/('Number Density'!M8*$H8+'Number Density'!N8*$I8+'Number Density'!O8*Parameters!$B$12+'Number Density'!P8*Parameters!$B$13))
A9: 6 | B9: thymol:carvacrol [30C] - PHE 20 | C9: THY:CVC-30C - PHE 20 | D9: 20 | E9: thymol | F9: carvacrol | G9: Bad initial configuration | H9: =INDEX(Parameters!$B$6:$B$13,MATCH(E9,Parameters!$A$6:$A$13,0)) | I9: =INDEX(Parameters!$B$6:$B$13,MATCH(F9,Parameters!$A$6:$A$13,0)) | J9: =IF('Number Density'!$L9=0,"",'Number Density'!H9*$H9/('Number Density'!H9*$H9+'Number Density'!I9*$I9+'Number Density'!J9*Parameters!$B$12+'Number Density'!K9*Parameters!$B$13)) | K9: =IF('Number Density'!$L9=0,"",'Number Density'!I9*$I9/('Number Density'!H9*$H9+'Number Density'!I9*$I9+'Number Density'!J9*Parameters!$B$12+'Number Density'!K9*Parameters!$B$13)) | L9: =IF('Number Density'!$L9=0,"",'Number Density'!J9*Parameters!$B$12/('Number Density'!H9*$H9+'Number Density'!I9*$I9+'Number Density'!J9*Parameters!$B$12+'Number Density'!K9*Parameters!$B$13)) | M9: =IF('Number Density'!$L9=0,"",'Number Density'!K9*Parameters!$B$13/('Number Density'!H9*$H9+'Number Density'!I9*$I9+'Number Density'!J9*Parameters!$B$12+'Number Density'!K9*Parameters!$B$13)) | N9: =IF('Number Density'!$Q9=0,"",'Number Density'!M9*$H9/('Number Density'!M9*$H9+'Number Density'!N9*$I9+'Number Density'!O9*Parameters!$B$12+'Number Density'!P9*Parameters!$B$13)) | O9: =IF('Number Density'!$Q9=0,"",'Number Density'!N9*$I9/('Number Density'!M9*$H9+'Number Density'!N9*$I9+'Number Density'!O9*Parameters!$B$12+'Number Density'!P9*Parameters!$B$13)) | P9: =IF('Number Density'!$Q9=0,"",'Number Density'!O9*Parameters!$B$12/('Number Density'!M9*$H9+'Number Density'!N9*$I9+'Number Density'!O9*Parameters!$B$12+'Number Density'!P9*Parameters!$B$13)) | Q9: =IF('Number Density'!$Q9=0,"",'Number Density'!P9*Parameters!$B$13/('Number Density'!M9*$H9+'Number Density'!N9*$I9+'Number Density'!O9*Parameters!$B$12+'Number Density'!P9*Parameters!$B$13))
A10: 7 | B10: thymol:eugenol [30C] - PHE 20 | C10: THY:EUG-30C - PHE 20 | D10: 20 | E10: thymol | F10: eugenol | G10: More simulation time | H10: =INDEX(Parameters!$B$6:$B$13,MATCH(E10,Parameters!$A$6:$A$13,0)) | I10: =INDEX(Parameters!$B$6:$B$13,MATCH(F10,Parameters!$A$6:$A$13,0)) | J10: =IF('Number Density'!$L10=0,"",'Number Density'!H10*$H10/('Number Density'!H10*$H10+'Number Density'!I10*$I10+'Number Density'!J10*Parameters!$B$12+'Number Density'!K10*Parameters!$B$13)) | K10: =IF('Number Density'!$L10=0,"",'Number Density'!I10*$I10/('Number Density'!H10*$H10+'Number Density'!I10*$I10+'Number Density'!J10*Parameters!$B$12+'Number Density'!K10*Parameters!$B$13)) | L10: =IF('Number Density'!$L10=0,"",'Number Density'!J10*Parameters!$B$12/('Number Density'!H10*$H10+'Number Density'!I10*$I10+'Number Density'!J10*Parameters!$B$12+'Number Density'!K10*Parameters!$B$13)) | M10: =IF('Number Density'!$L10=0,"",'Number Density'!K10*Parameters!$B$13/('Number Density'!H10*$H10+'Number Density'!I10*$I10+'Number Density'!J10*Parameters!$B$12+'Number Density'!K10*Parameters!$B$13)) | N10: =IF('Number Density'!$Q10=0,"",'Number Density'!M10*$H10/('Number Density'!M10*$H10+'Number Density'!N10*$I10+'Number Density'!O10*Parameters!$B$12+'Number Density'!P10*Parameters!$B$13)) | O10: =IF('Number Density'!$Q10=0,"",'Number Density'!N10*$I10/('Number Density'!M10*$H10+'Number Density'!N10*$I10+'Number Density'!O10*Parameters!$B$12+'Number Density'!P10*Parameters!$B$13)) | P10: =IF('Number Density'!$Q10=0,"",'Number Density'!O10*Parameters!$B$12/('Number Density'!M10*$H10+'Number Density'!N10*$I10+'Number Density'!O10*Parameters!$B$12+'Number Density'!P10*Parameters!$B$13)) | Q10: =IF('Number Density'!$Q10=0,"",'Number Density'!P10*Parameters!$B$13/('Number Density'!M10*$H10+'Number Density'!N10*$I10+'Number Density'!O10*Parameters!$B$12+'Number Density'!P10*Parameters!$B$13))
A11: 8 | B11: thymol:geraniol [30C] - PHE 20 | C11: THY:GER-30C - PHE 20 | D11: 20 | E11: thymol | F11: geraniol | G11: Simulation failed | H11: =INDEX(Parameters!$B$6:$B$13,MATCH(E11,Parameters!$A$6:$A$13,0)) | I11: =INDEX(Parameters!$B$6:$B$13,MATCH(F11,Parameters!$A$6:$A$13,0)) | J11: =IF('Number Density'!$L11=0,"",'Number Density'!H11*$H11/('Number Density'!H11*$H11+'Number Density'!I11*$I11+'Number Density'!J11*Parameters!$B$12+'Number Density'!K11*Parameters!$B$13)) | K11: =IF('Number Density'!$L11=0,"",'Number Density'!I11*$I11/('Number Density'!H11*$H11+'Number Density'!I11*$I11+'Number Density'!J11*Parameters!$B$12+'Number Density'!K11*Parameters!$B$13)) | L11: =IF('Number Density'!$L11=0,"",'Number Density'!J11*Parameters!$B$12/('Number Density'!H11*$H11+'Number Density'!I11*$I11+'Number Density'!J11*Parameters!$B$12+'Number Density'!K11*Parameters!$B$13)) | M11: =IF('Number Density'!$L11=0,"",'Number Density'!K11*Parameters!$B$13/('Number Density'!H11*$H11+'Number Density'!I11*$I11+'Number Density'!J11*Parameters!$B$12+'Number Density'!K11*Parameters!$B$13)) | N11: =IF('Number Density'!$Q11=0,"",'Number Density'!M11*$H11/('Number Density'!M11*$H11+'Number Density'!N11*$I11+'Number Density'!O11*Parameters!$B$12+'Number Density'!P11*Parameters!$B$13)) | O11: =IF('Number Density'!$Q11=0,"",'Number Density'!N11*$I11/('Number Density'!M11*$H11+'Number Density'!N11*$I11+'Number Density'!O11*Parameters!$B$12+'Number Density'!P11*Parameters!$B$13)) | P11: =IF('Number Density'!$Q11=0,"",'Number Density'!O11*Parameters!$B$12/('Number Density'!M11*$H11+'Number Density'!N11*$I11+'Number Density'!O11*Parameters!$B$12+'Number Density'!P11*Parameters!$B$13)) | Q11: =IF('Number Density'!$Q11=0,"",'Number Density'!P11*Parameters!$B$13/('Number Density'!M11*$H11+'Number Density'!N11*$I11+'Number Density'!O11*Parameters!$B$12+'Number Density'!P11*Parameters!$B$13))
A12: 9 | B12: camphor:carvone [30C] - PHE 40 | C12: CAM:CVN-30C - PHE 40 | D12: 40 | E12: camphor | F12: carvone | G12: OK | H12: =INDEX(Parameters!$B$6:$B$13,MATCH(E12,Parameters!$A$6:$A$13,0)) | I12: =INDEX(Parameters!$B$6:$B$13,MATCH(F12,Parameters!$A$6:$A$13,0)) | J12: =IF('Number Density'!$L12=0,"",'Number Density'!H12*$H12/('Number Density'!H12*$H12+'Number Density'!I12*$I12+'Number Density'!J12*Parameters!$B$12+'Number Density'!K12*Parameters!$B$13)) | K12: =IF('Number Density'!$L12=0,"",'Number Density'!I12*$I12/('Number Density'!H12*$H12+'Number Density'!I12*$I12+'Number Density'!J12*Parameters!$B$12+'Number Density'!K12*Parameters!$B$13)) | L12: =IF('Number Density'!$L12=0,"",'Number Density'!J12*Parameters!$B$12/('Number Density'!H12*$H12+'Number Density'!I12*$I12+'Number Density'!J12*Parameters!$B$12+'Number Density'!K12*Parameters!$B$13)) | M12: =IF('Number Density'!$L12=0,"",'Number Density'!K12*Parameters!$B$13/('Number Density'!H12*$H12+'Number Density'!I12*$I12+'Number Density'!J12*Parameters!$B$12+'Number Density'!K12*Parameters!$B$13)) | N12: =IF('Number Density'!$Q12=0,"",'Number Density'!M12*$H12/('Number Density'!M12*$H12+'Number Density'!N12*$I12+'Number Density'!O12*Parameters!$B$12+'Number Density'!P12*Parameters!$B$13)) | O12: =IF('Number Density'!$Q12=0,"",'Number Density'!N12*$I12/('Number Density'!M12*$H12+'Number Density'!N12*$I12+'Number Density'!O12*Parameters!$B$12+'Number Density'!P12*Parameters!$B$13)) | P12: =IF('Number Density'!$Q12=0,"",'Number Density'!O12*Parameters!$B$12/('Number Density'!M12*$H12+'Number Density'!N12*$I12+'Number Density'!O12*Parameters!$B$12+'Number Density'!P12*Parameters!$B$13)) | Q12: =IF('Number Density'!$Q12=0,"",'Number Density'!P12*Parameters!$B$13/('Number Density'!M12*$H12+'Number Density'!N12*$I12+'Number Density'!O12*Parameters!$B$12+'Number Density'!P12*Parameters!$B$13))
A13: 10 | B13: camphor:carvacrol [30C] - PHE 40 | C13: CAM:CVC-30C - PHE 40 | D13: 40 | E13: camphor | F13: carvacrol | G13: Simulation failed | H13: =INDEX(Parameters!$B$6:$B$13,MATCH(E13,Parameters!$A$6:$A$13,0)) | I13: =INDEX(Parameters!$B$6:$B$13,MATCH(F13,Parameters!$A$6:$A$13,0)) | J13: =IF('Number Density'!$L13=0,"",'Number Density'!H13*$H13/('Number Density'!H13*$H13+'Number Density'!I13*$I13+'Number Density'!J13*Parameters!$B$12+'Number Density'!K13*Parameters!$B$13)) | K13: =IF('Number Density'!$L13=0,"",'Number Density'!I13*$I13/('Number Density'!H13*$H13+'Number Density'!I13*$I13+'Number Density'!J13*Parameters!$B$12+'Number Density'!K13*Parameters!$B$13)) | L13: =IF('Number Density'!$L13=0,"",'Number Density'!J13*Parameters!$B$12/('Number Density'!H13*$H13+'Number Density'!I13*$I13+'Number Density'!J13*Parameters!$B$12+'Number Density'!K13*Parameters!$B$13)) | M13: =IF('Number Density'!$L13=0,"",'Number Density'!K13*Parameters!$B$13/('Number Density'!H13*$H13+'Number Density'!I13*$I13+'Number Density'!J13*Parameters!$B$12+'Number Density'!K13*Parameters!$B$13)) | N13: =IF('Number Density'!$Q13=0,"",'Number Density'!M13*$H13/('Number Density'!M13*$H13+'Number Density'!N13*$I13+'Number Density'!O13*Parameters!$B$12+'Number Density'!P13*Parameters!$B$13)) | O13: =IF('Number Density'!$Q13=0,"",'Number Density'!N13*$I13/('Number Density'!M13*$H13+'Number Density'!N13*$I13+'Number Density'!O13*Parameters!$B$12+'Number Density'!P13*Parameters!$B$13)) | P13: =IF('Number Density'!$Q13=0,"",'Number Density'!O13*Parameters!$B$12/('Number Density'!M13*$H13+'Number Density'!N13*$I13+'Number Density'!O13*Parameters!$B$12+'Number Density'!P13*Parameters!$B$13)) | Q13: =IF('Number Density'!$Q13=0,"",'Number Density'!P13*Parameters!$B$13/('Number Density'!M13*$H13+'Number Density'!N13*$I13+'Number Density'!O13*Parameters!$B$12+'Number Density'!P13*Parameters!$B$13))
A14: 11 | B14: camphor:eugenol [30C] - PHE 40 | C14: CAM:EUG-30C - PHE 40 | D14: 40 | E14: camphor | F14: eugenol | G14: OK | H14: =INDEX(Parameters!$B$6:$B$13,MATCH(E14,Parameters!$A$6:$A$13,0)) | I14: =INDEX(Parameters!$B$6:$B$13,MATCH(F14,Parameters!$A$6:$A$13,0)) | J14: =IF('Number Density'!$L14=0,"",'Number Density'!H14*$H14/('Number Density'!H14*$H14+'Number Density'!I14*$I14+'Number Density'!J14*Parameters!$B$12+'Number Density'!K14*Parameters!$B$13)) | K14: =IF('Number Density'!$L14=0,"",'Number Density'!I14*$I14/('Number Density'!H14*$H14+'Number Density'!I14*$I14+'Number Density'!J14*Parameters!$B$12+'Number Density'!K14*Parameters!$B$13)) | L14: =IF('Number Density'!$L14=0,"",'Number Density'!J14*Parameters!$B$12/('Number Density'!H14*$H14+'Number Density'!I14*$I14+'Number Density'!J14*Parameters!$B$12+'Number Density'!K14*Parameters!$B$13)) | M14: =IF('Number Density'!$L14=0,"",'Number Density'!K14*Parameters!$B$13/('Number Density'!H14*$H14+'Number Density'!I14*$I14+'Number Density'!J14*Parameters!$B$12+'Number Density'!K14*Parameters!$B$13)) | N14: =IF('Number Density'!$Q14=0,"",'Number Density'!M14*$H14/('Number Density'!M14*$H14+'Number Density'!N14*$I14+'Number Density'!O14*Parameters!$B$12+'Number Density'!P14*Parameters!$B$13)) | O14: =IF('Number Density'!$Q14=0,"",'Number Density'!N14*$I14/('Number Density'!M14*$H14+'Number Density'!N14*$I14+'Number Density'!O14*Parameters!$B$12+'Number Density'!P14*Parameters!$B$13)) | P14: =IF('Number Density'!$Q14=0,"",'Number Density'!O14*Parameters!$B$12/('Number Density'!M14*$H14+'Number Density'!N14*$I14+'Number Density'!O14*Parameters!$B$12+'Number Density'!P14*Parameters!$B$13)) | Q14: =IF('Number Density'!$Q14=0,"",'Number Density'!P14*Parameters!$B$13/('Number Density'!M14*$H14+'Number Density'!N14*$I14+'Number Density'!O14*Parameters!$B$12+'Number Density'!P14*Parameters!$B$13))
A15: 12 | B15: thymol:camphor [30C] - PHE 40 | C15: THY:CAM-30C - PHE 40 | D15: 40 | E15: thymol | F15: camphor | G15: OK | H15: =INDEX(Parameters!$B$6:$B$13,MATCH(E15,Parameters!$A$6:$A$13,0)) | I15: =INDEX(Parameters!$B$6:$B$13,MATCH(F15,Parameters!$A$6:$A$13,0)) | J15: =IF('Number Density'!$L15=0,"",'Number Density'!H15*$H15/('Number Density'!H15*$H15+'Number Density'!I15*$I15+'Number Density'!J15*Parameters!$B$12+'Number Density'!K15*Parameters!$B$13)) | K15: =IF('Number Density'!$L15=0,"",'Number Density'!I15*$I15/('Number Density'!H15*$H15+'Number Density'!I15*$I15+'Number Density'!J15*Parameters!$B$12+'Number Density'!K15*Parameters!$B$13)) | L15: =IF('Number Density'!$L15=0,"",'Number Density'!J15*Parameters!$B$12/('Number Density'!H15*$H15+'Number Density'!I15*$I15+'Number Density'!J15*Parameters!$B$12+'Number Density'!K15*Parameters!$B$13)) | M15: =IF('Number Density'!$L15=0,"",'Number Density'!K15*Parameters!$B$13/('Number Density'!H15*$H15+'Number Density'!I15*$I15+'Number Density'!J15*Parameters!$B$12+'Number Density'!K15*Parameters!$B$13)) | N15: =IF('Number Density'!$Q15=0,"",'Number Density'!M15*$H15/('Number Density'!M15*$H15+'Number Density'!N15*$I15+'Number Density'!O15*Parameters!$B$12+'Number Density'!P15*Parameters!$B$13)) | O15: =IF('Number Density'!$Q15=0,"",'Number Density'!N15*$I15/('Number Density'!M15*$H15+'Number Density'!N15*$I15+'Number Density'!O15*Parameters!$B$12+'Number Density'!P15*Parameters!$B$13)) | P15: =IF('Number Density'!$Q15=0,"",'Number Density'!O15*Parameters!$B$12/('Number Density'!M15*$H15+'Number Density'!N15*$I15+'Number Density'!O15*Parameters!$B$12+'Number Density'!P15*Parameters!$B$13)) | Q15: =IF('Number Density'!$Q15=0,"",'Number Density'!P15*Parameters!$B$13/('Number Density'!M15*$H15+'Number Density'!N15*$I15+'Number Density'!O15*Parameters!$B$12+'Number Density'!P15*Parameters!$B$13))
... A27: 24 | B27: thymol:geraniol [30C] - PHE 80 | C27: THY:GER-30C - PHE 80 | D27: 80 | E27: thymol | F27: geraniol | G27: OK | H27: =INDEX(Parameters!$B$6:$B$13,MATCH(E27,Parameters!$A$6:$A$13,0)) | I27: =INDEX(Parameters!$B$6:$B$13,MATCH(F27,Parameters!$A$6:$A$13,0)) | J27: =IF('Number Density'!$L27=0,"",'Number Density'!H27*$H27/('Number Density'!H27*$H27+'Number Density'!I27*$I27+'Number Density'!J27*Parameters!$B$12+'Number Density'!K27*Parameters!$B$13)) | K27: =IF('Number Density'!$L27=0,"",'Number Density'!I27*$I27/('Number Density'!H27*$H27+'Number Density'!I27*$I27+'Number Density'!J27*Parameters!$B$12+'Number Density'!K27*Parameters!$B$13)) | L27: =IF('Number Density'!$L27=0,"",'Number Density'!J27*Parameters!$B$12/('Number Density'!H27*$H27+'Number Density'!I27*$I27+'Number Density'!J27*Parameters!$B$12+'Number Density'!K27*Parameters!$B$13)) | M27: =IF('Number Density'!$L27=0,"",'Number Density'!K27*Parameters!$B$13/('Number Density'!H27*$H27+'Number Density'!I27*$I27+'Number Density'!J27*Parameters!$B$12+'Number Density'!K27*Parameters!$B$13)) | N27: =IF('Number Density'!$Q27=0,"",'Number Density'!M27*$H27/('Number Density'!M27*$H27+'Number Density'!N27*$I27+'Number Density'!O27*Parameters!$B$12+'Number Density'!P27*Parameters!$B$13)) | O27: =IF('Number Density'!$Q27=0,"",'Number Density'!N27*$I27/('Number Density'!M27*$H27+'Number Density'!N27*$I27+'Number Density'!O27*Parameters!$B$12+'Number Density'!P27*Parameters!$B$13)) | P27: =IF('Number Density'!$Q27=0,"",'Number Density'!O27*Parameters!$B$12/('Number Density'!M27*$H27+'Number Density'!N27*$I27+'Number Density'!O27*Parameters!$B$12+'Number Density'!P27*Parameters!$B$13)) | Q27: =IF('Number Density'!$Q27=0,"",'Number Density'!P27*Parameters!$B$13/('Number Density'!M27*$H27+'Number Density'!N27*$I27+'Number Density'!O27*Parameters!$B$12+'Number Density'!P27*Parameters!$B$13))

Sheet Parameters
A1: Parameters & notes (edit molar masses here — Mass Fractions recalculates)
A3: Molar masses used for mass fractions
A5: Component | B5: Molar mass (g/mol) | C5: Formula
A6: camphor | B6: 152.24 | C6: C10H16O
A7: carvone | B7: 150.22 | C7: C10H14O
A8: carvacrol | B8: 150.22 | C8: C10H14O
A9: eugenol | B9: 164.2 | C9: C10H12O2
A10: thymol | B10: 150.22 | C10: C10H14O
A11: geraniol | B11: 154.25 | C11: C10H18O
A12: water | B12: 18.02 | C12: H2O — see note 4
A13: 2-phenylethanol | B13: 122.17 | C13: C8H10O
A15: System status legend
A16: OK | B16: Two-phase result used as-is
A17: Simulation failed | B17: number_density.xvg not found — systems 8, 10, 15, 16, 18, 21, 23
A18: Bad initial configuration | B18: systems 6, 14 — interpret tie-line with caution
A19: More simulation time | B19: systems 7, 22 — not fully converged; longer run needed
A22: How the tie-lines are built
A23: • Each row is one tie-line: DES-rich phase (left) and coexisting water-rich phase (right).
A24: • HBA = first-named DES component, HBD = second-named (verified against the density data).
A25: • Mole fraction: xᵢ = nᵢ / Σn per phase. Mass fraction: wᵢ = nᵢMᵢ / Σ(nⱼMⱼ) per phase.
A27: Assumptions to check
A28: 1. Number densities (nm⁻³) are your recomputed source data; all fractions are live formulas.
A29: 2. Edit the yellow molar-mass cells to change them; fractions are per-particle basis.
A30: 3. MARTINI water: if 'water' counts 4-to-1 MARTINI beads, set water molar mass to 72.06.
A31: 4. Flagged systems (6, 7, 14, 22) still show their data but are labelled in the Status column.

Sheet Mol Density
A1: Recomputed molar densities (mol/L) — authoritative; overrides 'Number Density' for the systems listed here
H2: DES-rich phase (mol/L) | M2: Water-rich phase (mol/L)
A3: # | B3: System | C3: TAG | D3: PHE | E3: HBA | F3: HBD | G3: Status | H3: c(HBA) | I3: c(HBD) | J3: c(water) | K3: c(2PE) | M3: c(HBA) | N3: c(HBD) | O3: c(water) | P3: c(2PE) | S3: source
A4: 4 | B4: thymol:camphor [30C] - PHE 20 | C4: THY:CAM-30C - PHE 20 | D4: 20 | E4: thymol | F4: camphor | G4: OK | H4: 3.090584 | I4: 5.0168203 | J4: 0.83798158 | K4: 0.10839168 | M4: 0 | N4: 0 | O4: 59.736998 | P4: 0.068801566 | S4: System 3
A5: 12 | B5: thymol:camphor [30C] - PHE 40 | C5: THY:CAM-30C - PHE 40 | D5: 40 | E5: thymol | F5: camphor | G5: OK | H5: 3.7057946 | I5: 3.5538114 | J5: 0.82065926 | K5: 0.39553676 | M5: 0.0042157175 | N5: 0.018759246 | O5: 54.653616 | P5: 0.0087555898 | S5: System 12
A6: 20 | B6: thymol:camphor [30C] - PHE 80 | C6: THY:CAM-30C - PHE 80 | D6: 80 | E6: thymol | F6: camphor | G6: OK | H6: 3.5274219 | I6: 3.3921877 | J6: 0.90626405 | K6: 0.78039034 | M6: 0.0025342487 | N6: 0.021780622 | O6: 54.619393 | P6: 0.017344318 | S6: System 20
